{
  "model": "random_forest",
  "roc_auc": 0.6996428571428571,
  "gini": 0.39928571428571424,
  "ks": 0.3952380952380952,
  "precision": 0.5405405405405406,
  "recall": 0.3333333333333333,
  "f1": 0.41237113402061853,
  "accuracy": 0.715
}